INSERT INTO Users VALUES ('coolcatz', 'welp','1990-02-13', 'male', 350, 66, 'No Activity', 'Vegan', 150);
INSERT INTO Users VALUES ('broski26', 'yes ','1998-02-10','male', 265, 62, 'Slightly Active', 'None', 130);
INSERT INTO Users VALUES ('fishy123', '1234','1998-06-12', 'female', 265, 67, 'Very Active', 'Vegetarian', 120);
INSERT INTO Users VALUES ('dogs56', '5678','1970-06-15', 'female', 160, 59, 'Very Active', 'Vegan', 180);
INSERT INTO Users VALUES ('kittyKat36', 'password','1999-02-10','male', 290, '64', 'Slightly Active', 'None', 160);
INSERT INTO Users VALUES ('yoyo89', '<3','1991-02-10', 'male', 265, '61', 'Very Active', 'None', 190);
INSERT INTO Users VALUES ('whale4lyfe', 'vcu','1992-02-10', 'female', 130, 65, 'No Activity', 'Vegan', 210);
INSERT INTO Users VALUES ('Rob29', 'computer1','1998-02-10', 'male', 150, 67, 'Slightly Active', 'Vegetarian', 240);
INSERT INTO Users VALUES ('janet15', ':/','1998-02-10',  'male', 190, 61, 'No Activity', 'None', 230);
INSERT INTO Users VALUES ('Ca$hM0ney', 'aaaa','2001-02-27', 'male', 240, 60, 'Slightly Active', 'none', 100);
INSERT INTO Users VALUES ('Jetz32', 'asdf','1968-08-22', 'male', 200, 59, 'Slightly Active', 'None', 260);
INSERT INTO Users VALUES ('6Katelyn01', 'asdf','1980-04-18', 'female', 240, 58, 'No Activity', 'None', 115);
INSERT INTO Users VALUES ('bob36', 'pass', '1968-08-22', 'male', 130, 54, 'Very Active', 'Vegan', 260);

INSERT INTO Goal VALUES (0, 'Rob29', '2021-12-01', '2022-03-04', 20, 'loss', 0);
INSERT INTO Goal VALUES (0, 'janet15', '2021-06-01', '2022-12-10', 50, 'loss', 0 );
INSERT INTO Goal VALUES (0, 'whale4lyfe', '2021-07-01', '2022-06-04', 100, 'loss', 0 );
INSERT INTO Goal VALUES (0, 'dogs56', '2021-08-15', '2021-12-04', 10, 'gain', 0 );
INSERT INTO Goal VALUES (0, 'yoyo89', '2021-03-18', '2021-12-24', 30, 'gain', 0 );
INSERT INTO Goal VALUES (0, 'kittyKat36', '2021-12-02', '2022-05-22', 40, 'loss', 0 );

insert into category values ('Shellfish');
insert into category values ('Dairy');
insert into category values ('Nut');
insert into category values ('Fish');
insert into category values ('Meat Substitute');
insert into category values ('Grain');
insert into category values ('Vegetable');
insert into category values ('Fruit');
insert into category values ('Pork');
insert into category values ('Beef');
insert into category values ('Egg');
insert into category values ('Chicken');
INSERT INTO category VALUES ('Sauce');

INSERT INTO Allergies VALUES (0, 'dogs56', 'Dairy'); 
INSERT INTO Allergies VALUES (0, 'fishy123', 'Pork'); 

INSERT INTO Ingredient VALUES ('BBQ Sauce', 'Sauce', 'none', 0.00, 290.00, 0.00, 0, 18.00, 17.00, 0.1, 20.00, 0.01, 0.01, 70, 36, 3); 
INSERT INTO Ingredient VALUES ('Peanut Butter', 'Nut', 'vegetarian', 9.00, 144.00, 20.00, 8.20, 6.00, 1.60, 0.00, 20.00, 0.00, 0.00, 200, 94, 4);
INSERT INTO Ingredient VALUES ('Strawberry Jelly', 'Fruit', 'vegetarian', 0.00, 0.00, 0.00, 0.00, 13.00, 12.00, 0.1, 0.00, 0.01, 0.01, 50, 20, 3); 
INSERT INTO Ingredient VALUES ('Bread', 'Grain', 'vegetarian', 8.85, 376.00, 8.00, 1.64, 25.30, 2.16, 0.00, 0.00, 0.00, 0.00, 270, 133, 4);  
INSERT INTO Ingredient VALUES ('Banana', 'Fruit', 'vegan', 1.29, 1.00, 0.00, 1.00, 26.95, 14.43, 0.00, 0.00, 11.00, 4.00, 105, 80, 2);  
INSERT INTO Ingredient VALUES ('Vanilla Wafers', 'Grain', 'vegetarian', 0.30, 18.4, 0.20, 1.20, 22.00, 2.10, 0.00, 0.10, 11.00, 0.00, 28, 10, 5); 
INSERT INTO Ingredient VALUES ('Vanilla Pudding', 'Dairy', 'vegan', 2.60, 153.00, 99.00, 4.07, 24.86, 22.83, 0.80, 0.00, 0.00, 0.00, 147, 4, 6); 
INSERT INTO Ingredient VALUES ('Ragu', 'Sauce', 'none', 2.00, 320.00, 0.20, 18.00, 80.00, 8.00, 0.10, 0.10, 0.00, 0.00, 260, 70, 5); 
INSERT INTO Ingredient VALUES ('Noodles', 'Grain', 'vegan', 3.50, 0.00, 0.00, 0.00, 0.80, 42.00, 1.00, 0.00, 0.00, 0.00, 100, 10, 1);
INSERT INTO Ingredient VALUES ('Jaco Bread', 'Grain', 'vegan', 5, 280.00, 0.00, 0.50, 28.0, 42.00, 0.00, 0.00, 0.00, 0.00, 140, 57, 4);
INSERT INTO Ingredient VALUES ('Goat Cheese', 'Dairy', 'none', 6.00, 146.00, 84.00, 8.00, 0.00, 0.00, 22.00, 0.00, 0.00, 6.00, 103, 28, 7);
INSERT INTO Ingredient VALUES ('Onion', 'Vegetable', 'vegan', 1.20, 4.00, 25.00, 0.10, 10.00, 4.70, 1.00, 0.10, 8.10, 0.00, 44, 110, 1);
INSERT INTO Ingredient VALUES ('Ground Beef', 'Beef', 'none', 15, 57, 1, 17,0 ,0 , 30 , 15, 0, 1 , 216 , 85, 7);
INSERT INTO Ingredient VALUES ('Chicken Breast', 'Chicken', 'none' , 43, 104, 2, 5, 0 ,0 ,119 , 40, 0, 1 , 231 , 140, 10);
INSERT INTO Ingredient VALUES ('White Rice', 'Grain', 'vegan', 4.3, 2, 1, 0.4, 45 ,0.1 , 0 , 5, 0, 0 , 206, 158, 3);
INSERT INTO Ingredient VALUES ('Carrots', 'Vegetable', 'Vegetarian', .9, 69, 3, .2, 10, 4.7,0, 5, 9, 0, 41, 100, 2);
INSERT INTO Ingredient VALUES ('Peas', 'Vegetable', 'Vegetarian', 5.4, 3, 2.1, .2, 16, 5.9,0, 0, 24, 0, 41, 100, 2.5);
INSERT INTO Ingredient VALUES ('Milk', 'Dairy', 'none', 8, 107, 30, 2.4, 12, 13, 12, 5, 0, 0, 103, 244, 3.50);
INSERT INTO Ingredient VALUES ('Flour', 'Grain', 'none', 2, 2, 18.8, 1.22, 6, 0, 0, 0.7, 0, 0, 455, 455, 3.75);
INSERT INTO Ingredient VALUES ('Chicken Stock', 'Sauce', 'none', 18.1, 55, 9.60, 8, 0, 0, 56, 0.5, 0, 0, 150, 10, 1.50);
INSERT INTO Ingredient VALUES ('Almond', 'Nut', 'Vegetarian', 6, 0, 76.3, 14.3, 6, 1, 0, 0, 0, 0, 164, 7, 6);
INSERT INTO Ingredient VALUES ('Celery', 'Vegetable', 'none', 0.8, 96, 48.0, 0.2, 3, 2, 0, 0.1, 3.7, 0, 17, 4, 3.00);
INSERT INTO Ingredient VALUES ('Blueberry', 'Fruit', 'Vegetarian', 0.2, 0, 1.70, 0.1, 4, 52, 0, 0.0, 0.0, 0, 16, 28, 2.75);
INSERT INTO Ingredient VALUES ('Beef Flank Steak', 'Beef', 'none', 24, 65, 40, 7, 0, 0, 50, 0.0, 0.0, 0, 170, 113, 17);
INSERT INTO Ingredient VALUES ('Pork Hotdog', 'Pork', 'none', 9.7, 620, 200, 18, 0.2, 0, 50, 0.0, 2.0, 0, 204, 110, 5);
INSERT INTO Ingredient VALUES ('Hotdog Bun', 'Grain', 'none', 5.1, 260, 0, 18, 2, 3.3, 0, 0.0, 0.0, 0, 145, 52, 4);
INSERT INTO Ingredient VALUES ('Gluten-Free Pasta', 'Grain', 'vegan', 11.3, 5.6, 2.8, 1.4, 53, 0, 0, 0.0, 2.0, 0, 251, 140, 2);
INSERT INTO Ingredient VALUES ('Almond Milk', 'Nut', 'vegan', 1, 5, 22, 3.58, 1.4, 0.34, 0, 0.0, 0.0, 0, 40, 20, 3.5);
INSERT INTO Ingredient VALUES ('Vegan Parmesan Cheese', 'Nut', 'vegan', 5, 168, 150, 1.4, 1, 0, 30, 0.0, 0, 0, 100, 28, 5);
INSERT INTO Ingredient VALUES ('Green Beans', 'Vegetable', 'vegan', 1, 0, 40, 0, 5, 4, 0, 0.0, 3.6, 0, 30, 81, 1.25);
INSERT INTO Ingredient VALUES ('Mushrooms', 'Vegetable', 'vegan', 1, 0, 20, 0, 4, 3, 0, 0.0, 2.0, 0, 40, 20, 1.50);
INSERT INTO Ingredient VALUES ('French Roll', 'Grain', 'none', 5, 280.00, 0.00, 0.50, 28.0, 42.00, 0.00, 0.00, 0.00, 0.00, 150, 42, 3);
INSERT INTO Ingredient VALUES ('Tomato Sauce', 'Sauce', 'none', 0.00, 240.00, 0.00, 0, 15.00, 12.00, 0.1, 14.00, 0.01, 0.01, 90, 40, 4);

INSERT INTO Recipe VALUES ('Chicken & Dumplings', 4, 'None', 0, 0, 45);
INSERT INTO Recipe VALUES ('Pasta Salad', 5, 'Vegetarian', 0, 0, 20);
INSERT INTO Recipe VALUES ('Alfredo', 4, 'Vegan', 0, 0, 45);
INSERT INTO Recipe VALUES ('Chicken Parm', 3, 'None', 0, 0, 30);
INSERT INTO Recipe VALUES ('Green Bean Casserole', 6, 'Vegetarian', 0, 0, 50);
INSERT INTO Recipe VALUES ('Grilled Cheese', 2, 'Vegetarian', 0, 0, 15);
INSERT INTO Recipe VALUES ('PB&J Sandwich', 2, 'Vegetarian', 0, 0, 5);
INSERT INTO Recipe VALUES ('Banana Pudding', 5, 'Vegetarian', 0, 0, 30);
INSERT INTO Recipe VALUES ('Spaghetti', 4, 'None', 0, 0, 25);
INSERT INTO Recipe VALUES ('BBQ Chicken', 3, 'None', 0, 0, 35);
INSERT INTO Recipe VALUES ('Chicken Picatta', 4, 'None', 0, 0, 30);
INSERT INTO Recipe VALUES ('Chicken Salad', 2, 'None', 0, 0, 10);
INSERT INTO Recipe VALUES ('BlueBerry Smoothie Bowl', 1, 'Vegetarian', 0, 0, 10);
INSERT INTO Recipe VALUES ('Steak & Cheese Sub', 1, 'None', 0, 0, 10);
INSERT INTO Recipe VALUES ('Hotdog(With Bun)', 1, 'None', 0, 0, 6);

INSERT INTO RecipeIngredients VALUES (0, 'Grilled Cheese', 'Jaco Bread', 1);
INSERT INTO RecipeIngredients VALUES (0, 'Grilled Cheese', 'Goat Cheese', 1);
INSERT INTO RecipeIngredients VALUES (0, 'Grilled Cheese', 'Onion', 1);
INSERT INTO RecipeIngredients VALUES (0, 'PB&J Sandwich', 'Bread', 2);
INSERT INTO RecipeIngredients VALUES (0, 'PB&J Sandwich', 'Peanut Butter', 1);
INSERT INTO RecipeIngredients VALUES (0, 'PB&J Sandwich', 'Strawberry Jelly', 1);
INSERT INTO RecipeIngredients VALUES (0, 'Banana Pudding', 'Banana', 2);
INSERT INTO RecipeIngredients VALUES (0, 'Banana Pudding', 'Vanilla Wafers', 1);
INSERT INTO RecipeIngredients VALUES (0, 'Banana Pudding', 'Vanilla Pudding', 2);
INSERT INTO RecipeIngredients VALUES (0, 'Spaghetti', 'Ground Beef', 1);
INSERT INTO RecipeIngredients VALUES (0, 'Spaghetti', 'Ragu', 2);
INSERT INTO RecipeIngredients VALUES (0, 'Spaghetti', 'Noodles', 2);
INSERT INTO RecipeIngredients VALUES (0, 'BBQ Chicken', 'Chicken Breast', 6);
INSERT INTO RecipeIngredients VALUES (0, 'BBQ Chicken', 'BBQ Sauce', 1);
INSERT INTO RecipeIngredients VALUES (0, 'Chicken Picatta', 'Chicken Breast', 4);
INSERT INTO RecipeIngredients VALUES (0, 'Chicken Picatta', 'Flour', 1);
INSERT INTO RecipeIngredients VALUES (0, 'Chicken Picatta', 'Chicken Stock', 1);
INSERT INTO RecipeIngredients VALUES (0, 'BlueBerry Smoothie Bowl', 'Banana', 1);
INSERT INTO RecipeIngredients VALUES (0, 'BlueBerry Smoothie Bowl', 'Blueberry', 20);
INSERT INTO RecipeIngredients VALUES (0, 'BlueBerry Smoothie Bowl', 'Almond', 5);
INSERT INTO RecipeIngredients VALUES (0, 'Chicken Salad', 'Chicken Breast', 2);
INSERT INTO RecipeIngredients VALUES (0, 'Chicken Salad', 'Almond', 2);
INSERT INTO RecipeIngredients VALUES (0, 'Chicken Salad', 'Celery', 1);
INSERT INTO RecipeIngredients VALUES (0, 'Steak & Cheese Sub', 'Beef Flank Steak', 1);
INSERT INTO RecipeIngredients VALUES (0, 'Steak & Cheese Sub', 'Goat Cheese', 3);
INSERT INTO RecipeIngredients VALUES (0, 'Steak & Cheese Sub', 'French Roll', 2);
INSERT INTO RecipeIngredients VALUES (0, 'Hotdog(With Bun)', 'Pork Hotdog', 1);
INSERT INTO RecipeIngredients VALUES (0, 'Hotdog(With Bun)', 'Hotdog Bun', 1);
INSERT INTO RecipeIngredients VALUES (0, 'Chicken & Dumplings', 'Onion', 1);
INSERT INTO RecipeIngredients VALUES (0, 'Chicken & Dumplings', 'Flour', 1);
INSERT INTO RecipeIngredients VALUES (0, 'Chicken & Dumplings', 'Chicken Stock', 4);
INSERT INTO RecipeIngredients VALUES (0, 'Alfredo', 'Gluten-Free Pasta', 1);
INSERT INTO RecipeIngredients VALUES (0, 'Alfredo', 'Almond Milk', 1);
INSERT INTO RecipeIngredients VALUES (0, 'Alfredo', 'Vegan Parmesan Cheese', 1);
INSERT INTO RecipeIngredients VALUES (0, 'Green Bean Casserole', 'Green Beans', 2);
INSERT INTO RecipeIngredients VALUES (0, 'Green Bean Casserole', 'Mushrooms', 3);
INSERT INTO RecipeIngredients VALUES (0, 'Green Bean Casserole', 'Almond Milk', 1);
INSERT INTO RecipeIngredients VALUES (0, 'Chicken Parm', 'French Roll', 2);
INSERT INTO RecipeIngredients VALUES (0, 'Chicken Parm', 'Chicken Breast', 2);
INSERT INTO RecipeIngredients VALUES (0, 'Chicken Parm', 'Tomato Sauce', 1);

INSERT INTO Meal VALUES (0, 'Rob29', '2021-12-01', null, 0, 0);
INSERT INTO Meal VALUES (0, 'janet15', '2021-12-01', null, 0, 0);
INSERT INTO Meal VALUES (0, 'whale4lyfe', '2021-12-01', null, 0, 0);
INSERT INTO Meal VALUES (0, 'yoyo89', '2021-12-01', null, 0, 0);
INSERT INTO Meal VALUES (0, 'kittyKat36', '2021-12-01', null, 0, 0);
INSERT INTO Meal VALUES (0, 'dogs56', '2021-12-01', null, 0, 0);
INSERT INTO Meal VALUES (0, 'fishy123', '2021-12-01', null, 0, 0);
INSERT INTO Meal VALUES (0, 'broski26', '2021-12-01', null, 0, 0);
INSERT INTO Meal VALUES (0, 'coolcatz', '2021-12-01', null, 0, 0);
INSERT INTO Meal VALUES (0, 'Ca$hM0ney', '2021-12-02', null, 0, 0);
INSERT INTO Meal VALUES (0, 'Jetz32', '2021-12-02', null, 0, 0); 
INSERT INTO Meal VALUES (0, 'bob36', '2021-12-02', null, 0, 0); 

INSERT INTO MealRecipes VALUES (0, 1, 'Chicken & Dumplings');
INSERT INTO MealRecipes VALUES (0, 1, 'Steak & Cheese Sub');
INSERT INTO MealRecipes VALUES (0, 2, 'Alfredo');
INSERT INTO MealRecipes VALUES (0, 2, 'Green Bean Casserole');
INSERT INTO MealRecipes VALUES (0, 3, 'BBQ Chicken');
INSERT INTO MealRecipes VALUES (0, 3, 'Hotdog(With Bun)');
INSERT INTO MealRecipes VALUES (0, 4, 'Blueberry Smoothie Bowl');
INSERT INTO MealRecipes VALUES (0, 4, 'PB&J Sandwich');
INSERT INTO MealRecipes VALUES (0, 5, 'Chicken Parm');
INSERT INTO MealRecipes VALUES (0, 5, 'Spaghetti');
INSERT INTO MealRecipes VALUES (0, 6, 'Alfredo');
INSERT INTO MealRecipes VALUES (0, 7, 'PB&J Sandwich');
INSERT INTO MealRecipes VALUES (0, 8, 'Blueberry Smoothie Bowl');
INSERT INTO MealRecipes VALUES (0, 9, 'Chicken Picatta');
INSERT INTO MealRecipes VALUES (0, 9, 'Chicken Salad');
INSERT INTO MealRecipes VALUES (0, 10, 'Spaghetti');
INSERT INTO MealRecipes VALUES (0, 10, 'Banana Pudding');
INSERT INTO MealRecipes VALUES (0, 11, 'Grilled Cheese');

INSERT INTO Pantry VALUES (0, 'Rob29', 'Onion', 6);
INSERT INTO Pantry VALUES (0, 'Rob29', 'Flour', 3);
INSERT INTO Pantry VALUES (0, 'Rob29', 'Chicken Stock', 9);
INSERT INTO Pantry VALUES (0, 'Rob29', 'Beef Flank Steak', 15);
INSERT INTO Pantry VALUES (0, 'Rob29', 'Goat Cheese', 7);
INSERT INTO Pantry VALUES (0, 'Rob29', 'French Roll', 20);
INSERT INTO Pantry VALUES (0, 'janet15', 'Gluten-Free Pasta', 2);
INSERT INTO Pantry VALUES (0, 'janet15', 'Almond Milk', 4);
INSERT INTO Pantry VALUES (0, 'janet15', 'Vegan Parmesan Cheese', 5);
INSERT INTO Pantry VALUES (0, 'janet15', 'Green Beans', 8);
INSERT INTO Pantry VALUES (0, 'janet15', 'Mushrooms', 22);
INSERT INTO Pantry VALUES (0, 'whale4lyfe', 'Chicken Breast', 12);
INSERT INTO Pantry VALUES (0, 'whale4lyfe', 'Pork Hotdog', 6);
INSERT INTO Pantry VALUES (0, 'whale4lyfe', 'Hotdog Bun', 6);
INSERT INTO Pantry VALUES (0, 'yoyo89', 'Banana', 5);
INSERT INTO Pantry VALUES (0, 'yoyo89', 'Blueberry', 60);
INSERT INTO Pantry VALUES (0, 'yoyo89', 'Almond', 15);
INSERT INTO Pantry VALUES (0, 'yoyo89', 'Bread', 12);
INSERT INTO Pantry VALUES (0, 'yoyo89', 'Peanut Butter', 4);
INSERT INTO Pantry VALUES (0, 'yoyo89', 'Strawberry Jelly', 6);
INSERT INTO Pantry VALUES (0, 'kittyKat36', 'French Roll', 6);
INSERT INTO Pantry VALUES (0, 'kittyKat36', 'Chicken Breast', 8);
INSERT INTO Pantry VALUES (0, 'kittyKat36', 'Tomato Sauce', 1);
INSERT INTO Pantry VALUES (0, 'kittyKat36', 'Ground Beef', 3);
INSERT INTO Pantry VALUES (0, 'kittyKat36', 'Ragu', 4);
INSERT INTO Pantry VALUES (0, 'kittyKat36', 'Noodles', 6);
INSERT INTO Pantry VALUES (0, 'dogs56', 'Gluten-Free Pasta', 2);
INSERT INTO Pantry VALUES (0, 'dogs56', 'Almond Milk', 2);
INSERT INTO Pantry VALUES (0, 'dogs56', 'Vegan Parmesan Cheese', 10);
INSERT INTO Pantry VALUES (0, 'fishy123', 'Bread', 10);
INSERT INTO Pantry VALUES (0, 'fishy123', 'Peanut Butter', 15);
INSERT INTO Pantry VALUES (0, 'fishy123', 'Strawberry Jelly', 10);
INSERT INTO Pantry VALUES (0, 'broski26', 'Banana', 10);
INSERT INTO Pantry VALUES (0, 'broski26', 'Blueberry', 40);
INSERT INTO Pantry VALUES (0, 'broski26', 'Almond', 30);
INSERT INTO Pantry VALUES (0, 'coolcatz', 'Chicken Breast', 10);
INSERT INTO Pantry VALUES (0, 'coolcatz', 'Flour', 3);
INSERT INTO Pantry VALUES (0, 'coolcatz', 'Chicken Stock', 8);
INSERT INTO Pantry VALUES (0, 'coolcatz', 'Almond', 20);
INSERT INTO Pantry VALUES (0, 'coolcatz', 'Celery', 10);
INSERT INTO Pantry VALUES (0, 'Ca$hM0ney', 'Ground Beef', 5);
INSERT INTO Pantry VALUES (0, 'Ca$hM0ney', 'Ragu', 10);
INSERT INTO Pantry VALUES (0, 'Ca$hM0ney', 'Noodles', 10);
INSERT INTO Pantry VALUES (0, 'Ca$hM0ney', 'Banana', 10);
INSERT INTO Pantry VALUES (0, 'Ca$hM0ney', 'Vanilla Wafers', 200);
INSERT INTO Pantry VALUES (0, 'Ca$hM0ney', 'Vanilla Pudding', 6);
INSERT INTO Pantry VALUES (0, 'Jetz32', 'Jaco Bread', 6);
INSERT INTO Pantry VALUES (0, 'Jetz32', 'Goat Cheese', 12);
INSERT INTO Pantry VALUES (0, 'Jetz32', 'Onion', 5);
